{
  "best_val_loss": 1.5804469585418701,
  "peak_mem_allocated_gb": 22.76992256,
  "peak_mem_reserved_gb": 25.178406912,
  "total_tokens": 65568536,
  "wall_time_sec": 1616.3166937828064,
  "avg_tokens_per_sec": 50156.46950511569,
  "model": "GPT2-small",
  "dataset": "tinystories",
  "iterations": 2000,
  "final_val_loss": 1.5804469585418701,
  "num_params": 123587328
}