{
  "best_val_loss": 2.9513096809387207,
  "peak_mem_allocated_gb": 24.26932736,
  "peak_mem_reserved_gb": 25.348276224,
  "total_tokens": 9863123,
  "wall_time_sec": 233.95188999176025,
  "avg_tokens_per_sec": 50726.128266410444,
  "model": "GPT2-small",
  "dataset": "tinystories",
  "block_size": 1024,
  "iterations": 300,
  "final_val_loss": 2.9513096809387207,
  "num_params": 123587328,
  "tokens_per_iter": 32768
}