{
  "best_val_loss": 10.965875625610352,
  "peak_mem_allocated_gb": 22.76992256,
  "peak_mem_reserved_gb": 25.178406912,
  "total_tokens": 9863139,
  "wall_time_sec": 203.10956621170044,
  "avg_tokens_per_sec": 51173.10826327351,
  "model": "GPT2-small",
  "dataset": "tinystories",
  "iterations": 300,
  "final_val_loss": 10.965875625610352,
  "num_params": 123587328
}